area_sqm,bedrooms,bathrooms,age_years,neighborhood,has_garage,distance_to_center_km,price_k
120.7,3,1.0,45,Riverside,1,8.9,444.5
73.6,2,1.0,5,Oldtown,1,3.6,251.0
136.3,4,,35,Eastgate,1,13.3,410.6
142.9,4,2.0,20,Greenfield,0,10.1,507.3
41.7,1,1.0,22,RIVERSIDE,1,15.7,160.5
64.4,1,1.0,57,Riverside,1,8.2,166.7
114.5,3,2.0,36,Eastgate,0,0.7,419.2
98.9,2,1.0,36,RIVERSIDE,0,3.3,244.6
109.4,4,1.0,21,Hillview,0,9.9,420.4
80.1,2,1.0,22,,1,16.7,238.0
140.8,5,2.0,41,Riverside,0,6.7,633.9
137.2,4,3.0,2,Eastgate,0,14.3,489.0
112.3,3,1.0,14,Greenfield,1,6.8,426.1
149.5,4,1.0,36,RIVERSIDE,1,10.0,418.9
126.4,2,,37,Oldtown,0,6.1,443.1
79.9,1,1.0,5,Eastgate,1,15.1,250.5
122.9,2,1.0,47,Greenfield,1,20.1,261.8
,1,1.0,32,Hillview,1,19.1,153.7
,3,,14,Greenfield,0,40.0,360.9
108.3,4,1.0,45,Oldtown,0,3.7,374.4
103.5,3,1.0,59,Oldtown,1,8.9,282.7
86.2,3,1.0,25,Eastgate,0,3.8,273.2
152.8,5,3.0,17,Hillview,1,14.7,646.9
104.6,3,1.0,999,Greenfield,0,2.8,367.6
95.0,2,1.0,35,Hillview,1,15.2,269.3
,3,2.0,2,Oldtown,1,7.8,466.8
128.6,4,3.0,29,Oldtown,1,6.3,533.9
122.8,3,1.0,1,Hillview,1,6.8,535.1
124.4,4,2.0,2,Oldtown,1,2.4,539.6
125.1,4,3.0,25,Eastgate,0,2.6,441.0
185.0,5,2.0,44,Oldtown,0,7.9,621.8k
95.8,2,1.0,53,Oldtown,1,7.8,303.5
92.1,2,1.0,5,Eastgate,1,3.9,295.4k
81.5,2,1.0,14,Riverside,1,5.4,381.7
131.6,4,2.0,25,Eastgate,1,9.5,397.0
149.5,4,2.0,34,oldtown ,0,3.4,574.3
106.0,3,1.0,59,Hillview,1,,445.5
80.6,3,2.0,41,Eastgate,1,17.9,204.7
81.1,3,2.0,32,Eastgate,1,8.3,265.1
132.8,5,2.0,3,Greenfield,1,4.5,469.6k
136.0,5,,4,Oldtown,1,3.8,584.7
129.0,3,2.0,999,Oldtown,1,3.3,547.0
86.7,3,1.0,39,Eastgate,0,14.6,218.6
118.1,3,2.0,19,Eastgate,1,2.0,358.2
114.1,4,2.0,14,Eastgate,0,8.9,384.5
117.7,3,3.0,40,Eastgate,0,8.9,357.6
140.5,4,2.0,48,Eastgate,0,11.5,432.1
117.8,2,1.0,26,Oldtown,1,4.9,415.4
133.8,4,2.0,52,Eastgate,0,16.9,283.9k
112.4,2,1.0,44,Riverside,1,11.7,385.0
120.1,4,2.0,42,Hillview,1,4.8,460.7
132.1,5,2.0,52,Eastgate,1,3.6,447.5k
59.0,1,,11,Hillview,0,6.0,158.2
98.8,3,1.0,45,,0,4.6,315.8
93.5,2,1.0,57,Greenfield,1,3.1,315.0
87.6,2,1.0,59,Eastgate,1,7.1,223.4
100.4,3,2.0,34,Hillview,1,5.4,438.6
162.3,5,2.0,45,Greenfield,1,19.6,439.2
79.7,3,1.0,53,Hillview,1,4.6,246.2
143.9,4,1.0,51,Eastgate,1,3.6,484.5
51.1,2,,53,Riverside,1,6.7,171.3
98.3,3,,49,Oldtown,1,8.1,324.9
115.7,4,2.0,22,Oldtown,1,8.6,420.1
,3,1.0,43,Riverside,0,8.5,504.0
134.9,4,2.0,24,Hillview,0,6.9,517.8
137.8,4,2.0,48,Oldtown,0,6.5,507.2
97.8,2,1.0,48,Eastgate,1,10.4,333.2
93.8,3,2.0,56,Oldtown,1,2.9,343.0
140.0,4,2.0,35,Riverside,0,3.6,595.6
103.3,3,2.0,28,Greenfield,1,1.5,310.1
65.4,3,1.0,9,Eastgate,0,,196.8
70.3,3,1.0,38,Greenfield,0,13.7,221.0
77.8,2,1.0,33,Hillview,1,10.1,249.2
127.4,4,2.0,30,Riverside,0,21.4,456.8
115.0,3,1.0,40,Eastgate,0,18.1,301.0
134.2,4,2.0,51,Eastgate,1,10.1,437.1
,2,1.0,8,,0,7.5,411.0
115.5,4,2.0,25,Greenfield,1,6.8,401.7
131.9,4,,43,Eastgate,1,0.7,442.9
99.2,3,1.0,49,Eastgate,1,6.3,270.9
126.0,4,3.0,46,Hillview,1,,504.4
86.8,1,1.0,47,RIVERSIDE,0,3.0,239.6
97.3,2,1.0,51,Oldtown,1,9.0,302.5
96.6,3,1.0,57,Greenfield,0,5.7,327.0
68.1,2,1.0,36,Hillview,0,7.1,241.9
127.0,4,2.0,14,Riverside,1,,664.4
93.6,2,1.0,33,Riverside,0,12.0,302.4
110.4,3,2.0,42,Eastgate,1,4.6,363.7
126.8,5,3.0,6,Greenfield,0,8.7,453.8
125.6,4,2.0,45,Greenfield,1,4.9,432.9k
133.3,4,2.0,999,Eastgate,0,0.6,464.5
106.6,3,1.0,56,Greenfield,0,9.3,286.1
95.2,2,1.0,12,Eastgate,1,6.0,389.9
107.2,2,1.0,54,Oldtown,1,1.4,404.5
50.9,2,,26,Eastgate,1,2.4,214.9
59.4,2,2.0,34,Riverside,0,12.3,219.4
63.7,1,1.0,39,RIVERSIDE,1,1.5,273.4
75.1,2,1.0,34,Hillview,1,4.5,255.8
124.0,3,1.0,54,Oldtown,1,22.6,370.2
78.3,2,1.0,10,Greenfield,1,9.4,245.5
96.8,3,2.0,43,Greenfield,0,11.1,259.2
155.5,3,2.0,58,Oldtown,1,5.3,547.0
97.5,3,2.0,13,Eastgate,1,1.3,402.5
135.8,4,2.0,15,Hillview,1,7.7,555.6
77.3,2,1.0,28,Riverside,1,2.5,339.7
102.8,1,1.0,43,Oldtown,1,2.3,353.4
76.7,2,2.0,57,Oldtown,1,7.0,228.8
98.1,4,2.0,47,Oldtown,0,2.7,378.7
139.4,2,1.0,47,Oldtown,1,,561.6
49.5,1,1.0,26,Riverside,1,3.7,231.6
125.2,3,1.0,38,Oldtown,1,6.3,424.4
118.3,4,,12,Greenfield,0,4.3,408.7
89.2,2,1.0,27,Riverside,1,6.4,373.7
59.4,2,1.0,11,Oldtown,1,17.1,167.9
,4,2.0,1,Hillview,1,11.3,519.0
91.5,4,2.0,51,Oldtown,0,5.9,321.4
118.1,3,2.0,48,Hillview,0,15.3,366.6
110.8,3,2.0,30,Riverside,0,8.7,512.4
166.1,4,2.0,0,Eastgate,0,14.6,513.1
101.6,4,1.0,5,Eastgate,1,1.7,390.4
74.2,2,,6,Eastgate,0,2.7,282.7k
116.3,3,2.0,43,Eastgate,1,7.6,377.6
117.7,3,1.0,12,oldtown ,0,5.7,523.9
157.6,4,1.0,15,Oldtown,0,6.4,604.4k
,4,3.0,51,Oldtown,1,9.8,516.4
122.5,4,2.0,52,Hillview,1,7.6,447.7
161.2,5,2.0,45,Riverside,0,12.1,672.3
68.4,1,1.0,18,Oldtown,0,11.8,232.1
87.6,2,1.0,34,Eastgate,1,2.8,322.0
77.6,3,1.0,12,Riverside,1,0.6,368.5
96.4,2,1.0,51,RIVERSIDE,0,2.7,335.6
61.8,1,1.0,5,Eastgate,1,2.5,258.2
132.2,4,2.0,44,Oldtown,0,6.8,385.6
102.2,3,2.0,30,,1,6.7,364.7k
58.5,2,1.0,45,Greenfield,0,5.5,183.1
74.5,3,2.0,27,Greenfield,1,9.0,240.6
121.0,4,2.0,9,,1,29.3,413.9
139.3,4,1.0,45,RIVERSIDE,0,5.4,450.0
179.9,6,3.0,37,Eastgate,1,7.8,582.4
212.0,6,3.0,27,Eastgate,0,6.4,684.8
124.5,3,2.0,22,Eastgate,0,4.0,388.6
75.4,2,1.0,20,Oldtown,0,9.9,229.8
40.0,1,1.0,28,Riverside,0,5.2,136.5
119.4,3,2.0,15,Oldtown,1,3.3,481.8
81.5,2,1.0,16,Riverside,0,3.5,419.7
95.5,4,2.0,16,Riverside,1,12.4,428.6
88.6,3,1.0,0,Greenfield,0,9.7,324.5
105.1,3,2.0,55,Riverside,1,4.3,414.1
147.3,5,2.0,14,Eastgate,1,8.9,491.7
115.5,3,2.0,9,Greenfield,1,6.5,380.2
104.4,3,1.0,9,Oldtown,0,7.9,351.0
73.8,2,1.0,59,Hillview,0,3.9,190.9
51.4,1,1.0,28,Eastgate,1,2.6,173.3
93.0,3,1.0,19,Oldtown,1,5.1,401.1
,4,2.0,24,Hillview,1,3.0,439.6
171.9,5,2.0,5,oldtown ,0,2.8,622.1
114.6,3,1.0,18,Eastgate,0,1.8,346.3
144.4,4,2.0,14,Greenfield,1,0.6,543.6
92.5,2,,48,oldtown ,1,4.4,319.5
68.5,2,2.0,3,Oldtown,1,14.0,253.0
76.2,2,,25,Eastgate,0,11.7,202.2
84.6,3,2.0,47,Eastgate,0,18.8,225.9
184.5,4,3.0,50,Eastgate,1,2.7,603.0
81.3,3,2.0,30,Eastgate,1,10.3,233.1
139.3,4,2.0,13,Eastgate,0,5.8,474.6
78.4,2,1.0,20,,1,3.5,261.0
,3,2.0,13,oldtown ,1,12.9,539.2
123.5,4,2.0,39,Eastgate,0,5.9,396.6
104.5,4,1.0,17,Oldtown,0,1.1,389.9
108.6,4,2.0,37,RIVERSIDE,1,,337.5
87.1,2,2.0,39,Eastgate,0,8.4,234.7
125.6,4,2.0,56,Eastgate,1,7.1,389.9
94.1,3,2.0,22,Hillview,1,2.2,452.9
67.1,1,1.0,57,Hillview,0,7.7,181.2
65.3,2,1.0,24,Oldtown,1,,183.6
116.0,4,2.0,40,Riverside,0,8.3,501.7
165.3,5,2.0,39,Oldtown,0,1.5,600.1k
115.6,3,1.0,49,Greenfield,1,,308.4
105.8,3,2.0,28,Oldtown,1,8.3,304.8
120.0,4,3.0,47,Greenfield,0,10.9,362.8
155.7,5,2.0,21,Oldtown,1,8.2,586.1k
,2,1.0,29,Eastgate,1,2.8,389.8k
95.6,3,1.0,29,Eastgate,1,6.8,250.6
148.7,4,2.0,42,Eastgate,1,,456.2
125.0,3,2.0,37,Eastgate,0,7.4,385.1
163.8,5,3.0,4,Eastgate,0,13.2,517.8
116.4,4,2.0,48,Greenfield,1,3.7,404.5
67.1,1,1.0,45,Eastgate,0,,79.9
62.1,2,1.0,6,oldtown ,1,8.7,299.3
167.8,4,2.0,57,Oldtown,0,11.6,555.2
170.3,4,2.0,39,Eastgate,0,10.6,531.0
103.7,4,3.0,5,Hillview,0,8.5,471.3
96.6,2,1.0,29,Hillview,0,,316.2
161.2,5,3.0,50,Eastgate,0,0.3,511.1
71.3,1,1.0,16,Oldtown,1,10.6,264.1
78.7,3,1.0,55,Eastgate,1,3.0,202.6
132.5,4,2.0,25,Eastgate,0,6.2,424.5
96.2,3,2.0,13,Eastgate,0,8.4,305.8
109.8,3,1.0,21,Eastgate,1,13.6,329.2
104.3,2,,31,Greenfield,0,3.0,305.4
121.8,4,2.0,41,Eastgate,1,4.5,345.2
159.3,4,3.0,999,Greenfield,1,5.0,536.8
113.2,3,1.0,11,Riverside,1,7.5,552.1
132.5,3,2.0,57,Eastgate,1,5.3,340.2
40.0,1,1.0,31,Eastgate,1,9.6,109.3k
108.3,4,2.0,7,Hillview,1,1.2,563.1
80.5,2,1.0,55,,1,5.8,263.6
67.3,2,1.0,20,Eastgate,0,18.3,144.1
79.3,2,1.0,37,Oldtown,0,,230.7
98.3,3,1.0,41,Greenfield,0,8.7,287.1
142.1,4,1.0,0,Oldtown,0,12.2,542.4
63.6,3,2.0,13,Riverside,1,8.5,323.1
111.1,2,1.0,41,,0,22.0,236.2
93.1,3,,19,Oldtown,0,6.9,312.3
98.5,4,1.0,0,oldtown ,0,10.0,476.2k
145.1,4,2.0,1,,1,7.7,528.2
128.8,5,2.0,49,RIVERSIDE,1,15.9,471.5
156.8,5,3.0,9,Riverside,1,4.7,784.7k
104.6,4,2.0,6,Eastgate,0,23.1,348.3
85.6,2,2.0,33,Eastgate,0,3.8,244.7
102.2,3,1.0,7,Eastgate,1,19.4,341.3
118.5,3,1.0,39,Oldtown,1,2.7,416.9
116.2,4,3.0,32,Oldtown,1,10.2,468.6
72.0,3,2.0,38,Greenfield,1,6.5,276.9
,3,,29,Eastgate,0,12.1,311.4
118.0,3,1.0,46,Riverside,1,8.9,510.5
198.1,6,4.0,38,,1,11.6,690.1
175.7,6,4.0,24,Oldtown,1,2.6,710.4
80.1,3,1.0,0,Eastgate,1,,315.4
99.9,3,1.0,16,Eastgate,0,2.2,372.9
,2,1.0,7,Greenfield,0,2.2,255.9
89.3,2,1.0,0,Greenfield,1,2.6,325.4
121.0,3,,16,Oldtown,1,4.0,476.4
152.2,3,,12,Eastgate,0,4.0,512.8
84.5,3,2.0,4,oldtown ,0,6.6,335.9
87.1,2,1.0,18,Eastgate,1,3.2,366.7
40.0,1,1.0,30,Eastgate,0,3.4,116.5
104.3,1,1.0,10,,0,5.5,445.5
72.8,1,1.0,16,Riverside,1,13.2,315.4
,3,1.0,1,Riverside,1,,462.3
79.3,2,1.0,3,Riverside,1,6.2,420.9
106.7,3,1.0,9,Oldtown,1,7.0,380.7
48.5,1,1.0,27,Greenfield,0,2.9,137.2
58.7,3,1.0,39,Hillview,1,5.0,264.5
184.5,5,3.0,47,Eastgate,1,3.7,645.8k
64.9,2,1.0,37,Greenfield,1,,152.0
71.6,3,2.0,37,Eastgate,1,11.7,183.4
174.3,6,3.0,56,Oldtown,0,3.4,655.9
211.7,6,3.0,15,Greenfield,0,6.2,737.1k
69.0,2,2.0,47,Eastgate,0,,156.4
,3,1.0,56,Eastgate,0,,270.8
122.0,4,1.0,34,Greenfield,1,8.8,386.2
170.5,5,3.0,50,Eastgate,0,2.9,486.0
75.5,2,1.0,8,Hillview,1,19.0,232.7
101.4,4,2.0,52,Greenfield,0,3.9,320.0
137.2,4,2.0,33,oldtown ,0,3.8,506.0
125.2,5,,13,Greenfield,0,2.0,479.5
96.8,3,1.0,3,Riverside,0,5.7,421.6
105.3,4,2.0,43,Riverside,1,14.2,459.7
61.9,2,1.0,25,Hillview,1,8.1,303.8
101.7,3,1.0,18,Riverside,0,6.1,417.8
100.7,2,1.0,23,Greenfield,1,11.1,323.7k
118.1,3,1.0,59,Riverside,1,13.9,381.3
90.6,3,1.0,25,RIVERSIDE,1,11.7,267.1
126.5,4,2.0,4,oldtown ,0,1.0,589.4
145.4,4,2.0,16,Greenfield,0,11.2,472.2
115.4,3,1.0,8,Oldtown,1,9.1,441.4
122.3,3,1.0,41,Riverside,1,3.3,498.7
111.9,2,1.0,48,Riverside,0,9.1,426.4
110.0,2,1.0,50,Eastgate,1,,183.3
84.7,2,1.0,37,Greenfield,0,4.1,244.0
121.1,4,3.0,46,Greenfield,1,12.2,380.7
106.6,3,1.0,25,Oldtown,0,8.3,354.1
183.3,4,2.0,37,Hillview,1,0.3,792.2k
165.1,5,2.0,6,Riverside,0,6.4,811.0
123.5,3,,32,Hillview,0,8.0,430.9
83.3,4,3.0,33,Eastgate,1,5.1,356.7
71.1,1,1.0,1,Oldtown,0,8.5,222.7
151.7,4,1.0,32,Eastgate,1,,523.1
119.2,4,2.0,43,Greenfield,1,,312.9
126.8,4,2.0,22,Riverside,0,4.9,563.8
48.9,2,1.0,32,Oldtown,0,3.4,156.8
142.5,4,2.0,17,Oldtown,1,11.8,537.7
125.9,4,2.0,16,,1,5.4,612.9
71.1,2,1.0,7,Riverside,1,,325.1k
93.5,2,1.0,19,Eastgate,0,5.7,284.3
119.2,4,1.0,48,Riverside,1,11.4,444.3
111.8,2,1.0,56,Eastgate,1,2.6,286.6
99.8,3,2.0,38,Greenfield,1,12.2,282.8
106.4,3,1.0,37,Greenfield,0,9.6,280.9
101.2,3,,36,Eastgate,0,20.8,223.5k
115.3,3,1.0,28,Oldtown,1,7.6,433.4
161.5,4,2.0,25,Riverside,1,2.8,755.0
40.0,1,1.0,37,Oldtown,0,7.6,149.4
101.7,3,2.0,47,Greenfield,1,8.3,253.0
116.2,3,2.0,24,Greenfield,0,15.0,363.1
120.4,4,2.0,33,Oldtown,0,2.8,457.6
97.0,2,,28,Oldtown,0,1.5,376.9
48.5,2,1.0,17,Hillview,0,7.8,207.1
121.5,3,1.0,17,Oldtown,0,21.4,369.7
170.5,5,3.0,4,Greenfield,0,10.6,613.3
56.3,1,1.0,26,Oldtown,0,11.1,132.7k
140.2,5,3.0,42,Oldtown,1,1.9,575.9
98.5,3,2.0,41,Hillview,1,6.8,332.6
107.9,3,2.0,59,Riverside,1,15.2,391.6
73.1,2,1.0,2,Oldtown,0,8.4,280.9
98.3,2,1.0,45,Greenfield,1,1.4,303.6
155.5,4,1.0,47,Riverside,0,6.7,616.5
130.4,5,3.0,26,Eastgate,1,10.1,437.5
170.6,5,,16,Hillview,1,6.2,778.4
151.2,4,2.0,21,Riverside,0,3.1,782.5k
125.4,4,,40,Riverside,0,12.1,526.6
171.0,5,,51,oldtown ,1,4.7,611.7
125.4,2,1.0,38,Riverside,1,9.0,512.9
139.0,3,1.0,30,Oldtown,1,6.6,525.0
99.6,3,2.0,39,Greenfield,1,4.6,311.7
112.3,3,2.0,4,Eastgate,1,23.0,298.6
85.6,3,2.0,36,Greenfield,0,4.1,280.1
144.6,4,2.0,2,Hillview,1,7.0,673.0
68.8,1,1.0,57,Eastgate,0,,97.6
137.4,3,2.0,53,Eastgate,1,7.6,381.4
103.3,1,1.0,30,Oldtown,0,21.9,274.5
151.0,4,1.0,22,Oldtown,1,10.1,559.5
136.3,4,,43,Hillview,1,4.5,593.0
173.7,5,2.0,38,Eastgate,0,17.5,458.6
135.6,5,2.0,42,Hillview,0,11.4,574.0
55.0,2,1.0,30,Oldtown,0,4.6,144.3
107.7,3,1.0,14,Greenfield,1,,287.8
69.0,1,1.0,4,Riverside,1,1.9,355.7
91.9,3,,16,Greenfield,0,2.5,300.5
162.9,5,2.0,31,Greenfield,1,1.3,590.7
132.3,4,1.0,25,Greenfield,1,0.7,483.1
85.5,3,2.0,30,Eastgate,0,15.0,224.5
74.5,1,1.0,16,RIVERSIDE,1,7.7,248.3
111.1,4,2.0,56,Eastgate,0,1.5,349.5
67.4,1,1.0,22,Eastgate,0,6.4,183.7
86.5,3,1.0,50,Eastgate,0,12.5,235.7
120.9,2,,23,Oldtown,1,,451.8
150.4,4,3.0,26,Oldtown,0,5.1,546.9
131.3,5,3.0,36,Oldtown,0,23.7,362.9
40.0,1,1.0,15,Hillview,1,5.5,173.1
120.7,4,2.0,13,Eastgate,1,1.6,413.1
112.5,3,1.0,22,Greenfield,1,4.3,360.7k
124.5,3,1.0,48,Eastgate,0,1.4,385.6
166.6,6,3.0,8,Eastgate,1,10.7,538.4
40.0,1,1.0,26,Oldtown,0,3.1,175.3
89.3,1,1.0,40,Hillview,1,3.0,337.2
130.7,3,1.0,42,Oldtown,0,25.1,343.2
54.6,2,1.0,26,Oldtown,0,2.2,175.9
161.7,5,3.0,4,Riverside,0,1.8,827.3
122.9,3,2.0,0,oldtown ,1,2.6,531.9
139.6,4,2.0,28,oldtown ,0,12.8,465.1
90.0,2,1.0,48,Eastgate,0,9.7,224.6
138.5,4,2.0,1,Riverside,1,4.2,650.6
147.4,3,2.0,53,,1,3.9,472.7
,3,1.0,40,Riverside,0,9.2,420.8k
118.2,3,2.0,0,Eastgate,1,7.9,432.2
119.5,4,2.0,20,Eastgate,1,5.8,416.3
79.8,3,2.0,13,Oldtown,0,10.0,330.3
104.8,3,2.0,56,Riverside,1,2.4,412.3k
104.7,3,1.0,33,Greenfield,1,3.2,376.9
123.4,4,1.0,19,Eastgate,0,10.4,381.3
145.0,4,2.0,16,Eastgate,0,8.4,445.4
73.0,1,1.0,33,Hillview,0,6.8,252.2
105.6,2,1.0,0,Greenfield,0,24.5,288.8
161.9,4,2.0,15,Greenfield,1,11.6,538.3
84.0,2,,9,Oldtown,1,4.4,348.3
81.2,2,2.0,37,Eastgate,1,3.4,257.9
117.1,4,,40,Oldtown,0,8.7,400.0
139.6,3,2.0,28,Eastgate,0,15.0,385.9
110.4,3,2.0,8,Oldtown,0,1.1,424.9
156.5,4,2.0,22,Riverside,1,8.2,707.6
140.0,4,2.0,50,Greenfield,0,5.1,418.6
139.5,4,2.0,12,Greenfield,1,7.7,478.0
129.4,3,1.0,9,Oldtown,1,1.7,526.8
191.5,5,4.0,6,Greenfield,0,14.9,682.7k
102.8,3,2.0,49,Oldtown,1,17.8,304.9
40.0,2,1.0,7,Hillview,1,10.9,163.6
166.1,3,2.0,34,Greenfield,1,20.2,472.2
94.0,3,1.0,59,Oldtown,1,4.9,322.9
113.8,4,3.0,38,Hillview,0,8.1,379.2
155.8,4,2.0,24,Eastgate,1,11.0,520.8
53.9,2,1.0,12,Riverside,0,8.8,177.2
66.2,1,1.0,0,,1,5.4,268.2
54.0,1,1.0,9,Oldtown,0,5.9,186.7
82.2,1,1.0,57,Eastgate,1,16.7,218.2
125.4,2,1.0,8,Riverside,1,6.5,619.3
128.3,4,2.0,1,Oldtown,0,14.4,504.0
119.7,3,1.0,48,Eastgate,0,,345.2
60.6,1,1.0,25,Riverside,1,14.3,154.0
40.0,1,1.0,21,oldtown ,0,7.1,140.5
111.9,2,1.0,43,Eastgate,1,10.3,292.4
93.5,3,1.0,31,Eastgate,1,3.8,286.4
126.1,3,1.0,54,Riverside,0,8.1,466.7
134.6,4,2.0,28,Greenfield,1,,469.6
114.8,4,2.0,42,Eastgate,1,4.8,397.3
136.6,4,2.0,52,Oldtown,1,5.1,435.3
118.0,4,2.0,27,Eastgate,0,,386.2k
128.6,5,3.0,17,Eastgate,0,13.2,395.2
85.3,2,1.0,58,Eastgate,0,4.6,199.9k
103.7,3,1.0,13,Eastgate,1,7.5,360.3
116.9,4,2.0,2,oldtown ,1,14.3,368.2
138.7,5,3.0,34,Greenfield,1,10.2,483.1
96.2,2,1.0,59,Eastgate,0,1.2,251.5
128.2,3,1.0,5,Greenfield,1,1.7,469.1
100.7,4,2.0,50,RIVERSIDE,1,8.9,287.2
105.9,3,2.0,49,Greenfield,1,4.4,338.4
139.0,4,1.0,55,Greenfield,0,1.4,416.0
40.2,1,1.0,25,Oldtown,1,4.2,152.8
64.6,2,1.0,15,Riverside,0,9.1,258.4
58.1,2,1.0,30,Eastgate,0,5.0,152.4
40.0,1,1.0,8,Hillview,1,6.9,228.3
86.3,2,1.0,50,Eastgate,1,5.4,251.8
136.2,4,2.0,39,Eastgate,0,3.7,419.4
100.0,2,1.0,28,Greenfield,1,8.0,324.3
116.9,4,2.0,30,Hillview,1,1.3,492.3
148.1,6,2.0,42,Eastgate,0,3.3,474.0
156.5,3,2.0,31,Oldtown,1,11.6,542.1
107.6,3,2.0,50,Hillview,0,1.7,373.9
157.4,4,2.0,55,Riverside,0,6.7,636.8
113.2,4,1.0,56,Hillview,0,4.7,392.0
80.7,2,1.0,37,Hillview,1,4.4,302.3k
89.2,3,2.0,44,Eastgate,0,12.3,215.6
58.2,2,,18,Eastgate,0,14.1,232.0
78.9,2,1.0,2,Oldtown,1,2.6,331.9
97.5,3,1.0,24,Riverside,1,5.8,384.7
138.1,3,2.0,52,Riverside,1,0.9,548.9
170.2,6,4.0,8,Greenfield,1,11.9,655.6
61.6,2,1.0,32,Greenfield,0,6.4,217.5
123.7,4,3.0,11,Oldtown,0,1.6,504.6
73.6,1,,25,Oldtown,1,3.4,310.0
126.6,3,2.0,8,,1,2.4,601.0
105.4,3,2.0,44,Eastgate,0,3.3,313.9
45.9,1,1.0,48,Oldtown,0,1.0,120.9k
142.5,4,2.0,45,Riverside,0,16.6,532.0
88.8,3,1.0,42,Hillview,0,2.7,360.3
91.3,2,1.0,14,Oldtown,1,6.7,363.8
72.6,3,2.0,31,Oldtown,1,9.1,249.2
87.1,2,1.0,6,Riverside,0,14.1,344.4
125.0,3,2.0,22,Eastgate,1,6.8,469.9k
103.4,2,1.0,30,Hillview,1,5.4,414.5
121.5,4,2.0,40,Oldtown,0,7.1,452.1
122.7,2,1.0,5,Eastgate,0,2.6,429.3
156.2,5,3.0,48,,1,2.8,662.2
98.0,2,1.0,27,Eastgate,0,5.3,297.1
58.3,2,,52,Greenfield,1,0.6,206.8
147.4,4,2.0,31,Riverside,1,3.7,695.4k
98.4,4,2.0,32,Greenfield,1,4.5,364.8
149.0,4,2.0,41,Eastgate,1,22.2,384.6
123.4,3,2.0,49,Eastgate,1,15.3,342.9
105.4,3,1.0,9,Oldtown,1,9.1,410.5
122.2,4,3.0,30,Oldtown,0,12.1,424.3
178.3,5,3.0,1,Riverside,1,2.8,973.8
182.7,5,,28,Greenfield,1,7.2,599.3
112.4,3,1.0,48,Eastgate,1,11.0,336.9
115.6,2,2.0,51,Hillview,1,,414.7
147.7,4,2.0,17,Hillview,0,1.7,644.2
80.4,1,1.0,23,Riverside,1,8.4,399.1
121.7,4,2.0,33,Riverside,1,,547.8
109.1,3,1.0,23,Eastgate,1,9.7,323.3
121.0,5,2.0,10,Hillview,1,13.9,521.1
80.8,2,1.0,18,Eastgate,1,2.9,259.1
54.4,1,1.0,24,Eastgate,1,,205.9
40.0,2,2.0,31,Eastgate,0,13.6,69.8
70.9,3,1.0,55,Greenfield,0,6.9,201.1
93.9,2,1.0,32,Riverside,1,12.4,319.6
99.7,3,,23,Eastgate,1,5.4,291.4
,5,,39,Eastgate,1,5.7,578.7
148.7,4,,46,RIVERSIDE,0,6.7,471.0
76.3,2,1.0,25,Oldtown,0,19.3,240.9
122.2,3,1.0,29,Oldtown,0,11.7,360.9
95.8,2,1.0,13,Oldtown,1,3.6,356.6k
100.0,3,1.0,51,Hillview,1,7.6,368.2
116.5,4,1.0,52,Riverside,1,5.1,466.7
131.7,4,,10,Eastgate,0,4.4,415.0
98.1,2,1.0,20,Riverside,1,9.5,473.3
147.2,5,2.0,16,Riverside,1,8.1,667.4
70.0,2,1.0,55,Oldtown,0,2.9,199.0
110.2,3,1.0,3,Oldtown,1,6.7,445.9
200.9,6,3.0,12,Greenfield,1,4.3,771.2
117.8,2,1.0,18,Oldtown,0,9.0,420.7k
160.2,4,2.0,33,Oldtown,0,4.1,568.0
113.2,3,2.0,14,Oldtown,1,5.8,448.2
,4,2.0,32,Oldtown,1,4.5,499.1
108.0,3,1.0,44,RIVERSIDE,1,1.2,365.6
104.0,3,2.0,49,Eastgate,1,18.7,225.9
82.7,2,1.0,5,Oldtown,0,6.7,374.9
,4,2.0,8,Eastgate,1,19.1,373.5
80.2,2,1.0,5,Hillview,1,6.9,358.1
133.3,4,2.0,54,Greenfield,0,10.7,355.5
148.0,4,2.0,39,Eastgate,1,3.9,445.9
122.8,3,2.0,31,Oldtown,0,3.9,426.3
100.0,2,1.0,47,Eastgate,0,6.4,237.9
125.9,3,1.0,35,Greenfield,0,19.0,324.8
99.2,2,1.0,14,Hillview,1,3.0,407.6
,4,2.0,30,Greenfield,0,0.9,520.1
45.9,1,1.0,42,Greenfield,0,13.4,48.5
98.3,4,2.0,2,Oldtown,1,11.2,387.4
40.3,1,1.0,36,Eastgate,0,4.7,85.1k
57.7,2,1.0,29,Eastgate,1,24.0,133.5
157.7,4,2.0,4,Hillview,1,24.6,607.9
141.3,4,1.0,15,Hillview,0,1.1,609.5
84.8,3,2.0,26,Greenfield,0,3.8,256.5k
57.4,1,1.0,20,oldtown ,1,6.4,150.3
40.0,1,1.0,17,Hillview,0,8.9,98.3
91.0,4,2.0,38,Riverside,0,7.9,414.7
194.7,5,3.0,24,Hillview,1,6.7,842.2
125.2,4,2.0,29,Greenfield,1,2.6,432.4
90.4,3,1.0,47,Eastgate,1,9.7,234.5
126.3,4,2.0,5,Riverside,1,10.1,581.0
55.4,1,1.0,21,Greenfield,1,12.8,130.3
99.6,1,1.0,4,Greenfield,1,2.3,383.9
113.5,4,2.0,55,Hillview,1,5.6,428.7k
107.0,3,,11,Riverside,1,,575.1
137.7,3,2.0,49,Eastgate,1,2.2,466.6
122.1,4,3.0,11,Riverside,1,5.5,649.4
133.4,3,2.0,19,Oldtown,0,2.7,534.0
,2,2.0,36,Eastgate,1,1.9,272.0
141.4,4,2.0,49,Greenfield,1,11.3,454.0
167.0,4,2.0,10,Oldtown,0,4.7,642.8
76.0,3,1.0,12,Greenfield,0,3.6,328.4
78.9,1,1.0,52,Greenfield,1,15.0,182.1
156.8,4,1.0,19,,0,10.3,673.0
,4,2.0,12,Oldtown,0,0.8,447.7
159.1,5,2.0,44,Eastgate,0,8.9,530.1k
94.5,3,2.0,5,Eastgate,0,8.9,3094.3
160.9,4,2.0,52,Oldtown,1,5.3,625.5
114.6,3,2.0,52,Eastgate,0,5.2,321.7k
119.0,3,,51,Eastgate,0,1.4,310.1
164.8,5,2.0,17,Eastgate,1,23.8,472.0
97.3,3,1.0,6,Eastgate,0,,288.2
77.1,2,1.0,25,Riverside,0,8.6,318.6
94.3,3,2.0,20,Riverside,1,5.8,420.3
125.8,3,2.0,57,Riverside,1,3.7,520.4k
55.2,1,1.0,37,oldtown ,1,11.9,164.6
132.3,4,1.0,56,Greenfield,1,7.4,386.6
91.1,2,1.0,45,Eastgate,1,5.5,254.5
150.2,4,,42,Riverside,0,8.5,587.8
40.0,1,1.0,6,Eastgate,1,6.2,140.7
82.5,2,1.0,4,Oldtown,1,20.0,345.5
51.0,1,1.0,2,Oldtown,0,11.6,196.5
81.1,3,2.0,35,Oldtown,1,,281.6
118.7,4,2.0,12,Greenfield,0,1.6,432.3
103.7,2,1.0,59,Riverside,1,9.7,356.0
101.1,3,1.0,7,Eastgate,1,9.6,347.7
104.4,3,,56,Greenfield,1,2.8,322.1
117.1,3,2.0,40,Eastgate,0,1.5,383.4
74.7,2,1.0,6,Riverside,1,11.3,310.8
134.7,4,2.0,3,Greenfield,1,12.3,458.1
133.2,4,2.0,23,Eastgate,0,4.0,454.4
123.5,3,1.0,20,Hillview,0,3.8,472.6
129.5,3,2.0,18,Eastgate,1,7.3,452.4
120.4,3,1.0,31,Greenfield,0,4.6,389.6
181.2,5,1.0,7,RIVERSIDE,1,1.5,763.5
107.0,4,1.0,7,Hillview,1,2.7,511.9
99.3,3,1.0,41,Hillview,0,8.3,300.6k
83.6,3,2.0,59,Riverside,1,2.9,360.1
73.9,3,2.0,16,,0,12.7,218.9k
66.4,1,1.0,55,Riverside,1,9.5,247.8
78.9,2,2.0,20,Oldtown,1,8.6,329.0k
107.5,2,1.0,20,Oldtown,0,7.2,347.2
121.7,3,1.0,5,oldtown ,1,3.5,448.0
111.8,3,2.0,25,Hillview,1,10.4,426.4
83.2,2,1.0,29,Eastgate,1,3.4,237.1
141.5,3,2.0,39,Oldtown,0,13.2,507.6
135.9,4,1.0,9,Riverside,1,17.9,578.1
,2,2.0,11,Greenfield,1,7.4,399.3k
87.1,3,1.0,25,Greenfield,0,16.4,231.9
129.2,3,2.0,4,Hillview,1,2.8,590.7
116.6,5,2.0,8,Oldtown,0,9.5,467.2
59.3,1,1.0,37,Riverside,1,6.5,252.4
107.6,3,,57,Riverside,0,11.4,368.6
119.2,3,1.0,34,,1,0.8,428.5
78.5,3,1.0,8,Greenfield,0,10.9,309.8k
116.6,4,2.0,59,Eastgate,0,3.8,331.5
59.1,2,1.0,31,,1,6.8,196.2
156.8,4,2.0,43,Greenfield,1,23.5,362.0
153.7,5,2.0,11,Hillview,1,9.8,685.1
101.2,2,1.0,34,Oldtown,1,8.9,344.3k
122.7,4,,4,Hillview,0,8.4,546.9
40.0,2,1.0,37,Oldtown,1,14.1,83.7
69.5,2,2.0,12,Greenfield,0,11.7,206.4k
99.7,1,,54,Oldtown,0,8.4,260.1
72.5,1,1.0,3,Eastgate,1,7.7,261.4
135.0,4,1.0,39,Oldtown,1,7.3,503.8
179.9,6,3.0,8,Greenfield,0,6.3,657.1
68.8,3,2.0,41,Eastgate,0,2.2,243.8
80.7,1,1.0,29,Hillview,1,9.6,283.0
118.2,4,2.0,58,RIVERSIDE,0,4.2,457.2k
166.4,5,3.0,39,Greenfield,0,5.7,567.0
67.2,1,1.0,22,Hillview,0,,173.1k
,3,2.0,5,,0,6.4,476.3
173.7,5,2.0,35,Greenfield,0,6.0,537.7
52.2,1,1.0,26,Riverside,1,7.4,180.7
65.2,1,1.0,3,Oldtown,0,,198.6
95.2,3,1.0,34,Hillview,1,23.2,281.7
91.8,2,1.0,12,Oldtown,1,21.1,331.7
138.4,4,3.0,14,,1,20.8,536.6
118.5,3,2.0,0,Oldtown,1,8.4,505.8k
47.9,1,,22,Riverside,1,3.9,286.3
128.0,4,2.0,13,Riverside,1,12.5,591.8
,3,,4,Riverside,1,5.2,446.0
154.6,4,3.0,26,Greenfield,1,13.2,499.1
88.0,2,,13,Eastgate,1,3.8,308.5
87.7,3,1.0,8,Hillview,1,8.8,367.8
128.9,3,1.0,28,Oldtown,0,14.5,399.5
136.7,4,1.0,3,Eastgate,1,5.4,515.3
125.7,4,2.0,59,Riverside,1,5.4,545.5
51.0,1,,28,Oldtown,0,1.7,131.8
128.8,4,2.0,59,oldtown ,1,3.9,370.6
73.8,1,1.0,52,Hillview,0,8.3,186.9
118.2,2,1.0,58,Eastgate,0,9.2,308.5
,2,1.0,32,Greenfield,1,10.2,208.5
125.6,4,2.0,25,Greenfield,0,1.1,528.6
81.8,2,1.0,43,Oldtown,0,,242.8
65.1,2,1.0,4,Riverside,0,1.9,321.6
135.0,4,2.0,50,Riverside,1,8.0,575.5
118.5,4,2.0,19,Eastgate,1,1.4,414.6
88.5,3,2.0,0,Greenfield,1,,370.0
160.8,4,1.0,14,Greenfield,1,11.5,533.8
94.6,1,1.0,14,Oldtown,1,4.3,289.6
111.1,4,3.0,0,Greenfield,1,16.5,407.7
119.4,4,2.0,40,Hillview,1,10.4,457.2
88.3,3,1.0,5,Greenfield,0,5.4,360.9
126.5,3,1.0,50,Hillview,1,12.8,432.4
91.3,3,2.0,27,Riverside,1,5.8,387.2
95.6,3,2.0,43,Riverside,0,11.1,345.3
157.7,5,2.0,20,Greenfield,0,3.7,505.4
73.6,2,1.0,7,Hillview,1,13.3,260.7k
40.0,1,1.0,10,,0,1.5,189.7
166.4,5,,38,Oldtown,1,2.5,638.1
199.2,6,3.0,42,Oldtown,0,2.9,780.6
95.8,2,1.0,16,Greenfield,1,4.1,288.4
42.2,1,1.0,21,Riverside,0,8.5,141.7k
99.1,3,2.0,56,Riverside,1,6.6,376.5
100.0,3,2.0,51,oldtown ,0,11.2,285.2
103.4,3,2.0,24,Hillview,0,,391.8
71.0,2,,14,Riverside,0,1.3,358.5
130.3,5,2.0,18,Riverside,1,15.8,619.1
128.4,3,1.0,32,Oldtown,1,5.7,459.4
57.7,1,1.0,34,Oldtown,1,20.5,155.1
134.5,4,2.0,11,Riverside,0,3.6,611.1
181.8,6,3.0,3,Oldtown,1,0.9,761.6
,2,1.0,29,Eastgate,1,10.4,362.1
98.2,2,1.0,47,Greenfield,0,,214.9
105.0,2,1.0,9,Greenfield,1,2.5,407.4
131.5,4,2.0,24,Oldtown,1,2.8,535.0
49.4,1,1.0,9,Oldtown,1,11.8,205.5
115.8,3,2.0,14,Greenfield,0,8.8,390.9
96.3,3,2.0,36,Eastgate,0,5.2,297.2
174.7,5,3.0,17,Hillview,1,9.4,763.7
103.9,3,1.0,15,oldtown ,0,8.2,362.7
168.4,5,2.0,59,Oldtown,0,,572.6k
71.4,2,1.0,10,Hillview,1,12.4,298.5
130.6,4,2.0,11,Hillview,1,10.8,558.0
121.2,3,1.0,55,Riverside,0,6.8,436.1
79.6,2,1.0,33,Greenfield,0,11.8,209.5
116.2,4,2.0,2,Eastgate,1,22.2,408.3
152.4,5,2.0,25,Eastgate,0,2.8,503.5
98.7,2,1.0,33,Oldtown,0,5.4,318.7
50.8,2,1.0,15,Eastgate,0,5.7,119.3
109.4,2,1.0,32,Eastgate,1,11.6,310.1
78.4,3,2.0,38,Riverside,1,4.0,374.7k
98.0,3,2.0,15,Eastgate,0,11.1,330.9
,3,1.0,48,Eastgate,0,4.4,308.1
50.3,2,1.0,27,Greenfield,1,2.5,214.3
53.5,1,1.0,57,Oldtown,1,7.1,149.2
126.9,4,2.0,5,Greenfield,1,4.4,523.4
91.7,2,2.0,19,Hillview,0,7.6,388.6
40.0,1,1.0,43,Riverside,1,9.0,158.0
137.5,4,2.0,53,Riverside,1,1.5,596.4
119.5,3,,13,RIVERSIDE,1,4.8,449.0
85.0,2,1.0,58,Oldtown,0,7.1,249.9
,1,1.0,11,Hillview,1,11.8,265.2
139.3,3,2.0,24,Eastgate,0,10.8,464.6
122.2,2,1.0,18,Oldtown,0,3.3,487.3
193.4,6,3.0,25,Greenfield,0,5.9,735.8
124.7,5,2.0,54,Riverside,1,,533.2
123.6,4,1.0,43,Eastgate,0,,375.5
104.2,2,1.0,47,Greenfield,1,3.6,284.3
138.6,4,2.0,15,Greenfield,1,6.4,513.3k
131.9,5,2.0,56,Eastgate,1,8.7,382.9
153.8,4,2.0,26,Eastgate,0,3.0,512.3
,3,1.0,39,Riverside,1,10.0,364.7
94.8,2,1.0,41,,0,7.4,360.9
93.2,3,2.0,39,Hillview,1,10.3,347.1
137.7,3,1.0,36,Riverside,0,6.3,584.8
162.4,5,2.0,28,,0,20.0,465.9
93.9,2,1.0,38,Oldtown,1,8.6,315.5
95.1,3,,54,Greenfield,0,11.1,285.6
121.0,4,2.0,23,,0,10.0,453.8
101.4,2,1.0,30,Greenfield,1,5.8,351.9k
143.3,3,2.0,10,Eastgate,0,8.0,513.2
40.0,1,1.0,21,Riverside,0,4.1,169.8
,2,2.0,46,Riverside,0,19.1,223.6
,2,1.0,38,RIVERSIDE,0,9.3,228.3
,1,1.0,12,Eastgate,1,3.4,154.3
76.3,2,1.0,32,Oldtown,0,16.3,179.0
,2,2.0,48,Hillview,1,6.0,268.5
103.0,2,1.0,7,Hillview,1,12.2,382.3
149.0,4,2.0,3,Oldtown,0,1.4,632.7k
101.4,4,2.0,23,Oldtown,1,14.3,371.4k
73.9,2,1.0,39,Hillview,1,9.0,247.4
,3,2.0,18,Eastgate,0,3.2,351.2
146.7,5,2.0,49,Greenfield,0,8.9,473.1
75.8,1,1.0,50,,0,17.8,182.0
78.1,2,1.0,31,Eastgate,0,4.2,200.5
129.5,4,2.0,22,Greenfield,1,4.2,438.2
102.2,3,1.0,2,oldtown ,1,5.7,535.3
132.7,4,2.0,49,Eastgate,0,7.0,351.7
109.5,3,2.0,53,Hillview,0,12.8,365.7
134.6,4,2.0,26,Eastgate,0,9.3,466.4
73.8,2,2.0,30,Riverside,1,5.7,373.6
109.6,1,1.0,45,Greenfield,1,8.3,331.0
102.6,4,2.0,41,RIVERSIDE,0,19.8,289.5
67.4,1,1.0,8,oldtown ,1,10.5,355.1k
,1,1.0,40,Oldtown,1,6.2,104.1
134.0,4,,55,Oldtown,1,5.6,459.6
97.7,3,1.0,45,Eastgate,1,7.9,306.9
74.2,1,1.0,28,Eastgate,1,12.6,185.2
106.6,2,1.0,31,Riverside,0,3.7,473.9
149.5,5,3.0,15,Greenfield,0,11.5,518.5
40.0,1,1.0,39,Oldtown,1,6.1,121.6
57.6,2,1.0,14,Hillview,0,6.8,225.5
77.7,2,1.0,20,Oldtown,0,30.2,143.5
161.1,4,2.0,15,Hillview,1,10.7,653.5
119.9,3,1.0,20,Hillview,1,4.5,516.9
136.9,3,2.0,22,Oldtown,1,9.0,489.1
70.1,3,1.0,4,Hillview,1,13.1,329.1
70.8,2,1.0,43,RIVERSIDE,1,10.8,208.5
125.7,3,2.0,26,Hillview,0,0.8,560.0
112.0,3,1.0,56,Greenfield,1,6.6,300.5
129.2,3,2.0,10,Eastgate,1,9.2,387.6
103.4,4,2.0,40,Eastgate,1,8.7,324.5
,3,1.0,999,Oldtown,0,4.8,543.7
115.5,4,2.0,32,Eastgate,0,10.9,382.5
137.2,4,3.0,29,Oldtown,1,14.4,480.4k
138.2,3,2.0,26,Riverside,0,1.5,633.1
53.3,1,1.0,39,Riverside,0,1.4,219.1
40.0,1,1.0,49,oldtown ,1,8.9,63.8k
145.1,3,1.0,19,Greenfield,1,11.5,513.5
151.6,4,3.0,50,,0,4.2,486.5
74.3,1,1.0,11,Eastgate,0,0.8,251.6
44.9,1,1.0,17,Riverside,0,6.7,179.2
113.5,3,1.0,18,Greenfield,1,8.8,419.8k
142.6,3,2.0,57,Eastgate,1,5.4,399.5
172.9,4,2.0,7,Oldtown,0,13.3,588.3
128.1,3,1.0,23,Hillview,0,8.4,501.4
97.0,2,2.0,25,Eastgate,0,,251.4
78.7,3,2.0,48,Riverside,0,4.2,303.8
110.4,3,2.0,29,Hillview,0,6.8,465.6
99.5,3,1.0,58,Eastgate,1,5.1,297.1
74.5,1,1.0,44,Oldtown,0,1.3,263.7
181.7,5,2.0,42,Hillview,0,7.9,721.4
172.5,5,2.0,45,Hillview,1,4.3,771.5
149.8,4,2.0,9,Eastgate,0,4.9,495.5
77.8,3,3.0,26,Greenfield,0,2.7,299.4
,3,1.0,35,Greenfield,0,18.1,373.0
,4,1.0,12,Eastgate,0,10.3,449.7
125.5,3,1.0,7,Eastgate,0,21.1,350.2
153.7,4,2.0,8,Eastgate,1,5.4,588.4
132.2,3,,47,Hillview,0,10.7,445.6
135.9,4,2.0,39,Riverside,1,8.0,625.0
132.3,4,2.0,16,Eastgate,1,4.0,485.7
121.9,3,1.0,44,Eastgate,0,5.3,351.4
47.6,2,1.0,41,Hillview,0,10.3,139.2
112.9,3,1.0,48,Greenfield,0,2.7,354.6
90.5,3,1.0,54,Eastgate,0,13.4,217.0k
65.2,2,1.0,52,Oldtown,1,7.6,183.7
168.9,5,2.0,10,Riverside,0,12.2,731.2
170.5,5,3.0,46,Riverside,1,8.8,728.2
157.6,4,,23,Oldtown,1,1.5,585.1
118.9,3,2.0,24,Hillview,1,6.6,520.8
157.3,6,3.0,38,Riverside,1,13.6,652.3
110.4,2,1.0,36,Oldtown,1,7.5,371.1
117.1,4,1.0,25,Oldtown,1,6.8,468.2k
,1,,59,Eastgate,1,7.5,185.3
123.9,4,2.0,10,Eastgate,0,,397.8
112.1,4,,5,Oldtown,0,14.5,417.0
,2,1.0,1,oldtown ,0,0.6,357.1
108.2,3,,48,Riverside,0,16.5,352.7
107.2,3,1.0,24,Riverside,1,5.1,524.7
172.9,5,2.0,26,Oldtown,0,,612.6
141.3,4,2.0,38,Riverside,1,1.0,593.7
110.4,3,2.0,26,Oldtown,1,11.5,420.8
118.7,3,,34,Greenfield,0,10.2,339.5
111.5,3,1.0,3,Hillview,1,,432.4
102.9,2,1.0,9,Greenfield,0,1.0,368.9
72.1,2,1.0,55,Riverside,1,3.5,304.8
104.7,2,1.0,27,Oldtown,1,8.9,330.7
,3,1.0,10,Greenfield,0,14.3,328.5
66.2,2,1.0,22,Oldtown,1,3.1,2690.6
127.9,4,2.0,20,Eastgate,0,3.2,438.4
123.7,4,2.0,16,Greenfield,1,8.5,411.9k
47.5,1,1.0,17,Eastgate,1,28.5,63.4
,3,2.0,43,Oldtown,0,4.0,365.2
144.8,4,1.0,6,Hillview,1,5.0,601.8
147.1,4,2.0,18,,1,4.5,775.5
145.9,4,2.0,28,RIVERSIDE,1,6.1,647.3
111.4,5,2.0,32,Riverside,1,15.0,459.1
80.4,2,1.0,52,Greenfield,1,6.4,253.4
72.1,2,1.0,55,Eastgate,0,30.2,117.1k
122.1,4,,17,Oldtown,1,7.3,520.7
123.3,4,2.0,32,Oldtown,1,16.0,390.3
,4,2.0,1,Eastgate,0,5.3,544.5
148.5,5,2.0,37,Greenfield,0,,461.4
105.4,3,2.0,9,Oldtown,0,6.4,441.1
66.5,1,1.0,4,Oldtown,0,9.8,188.8
98.8,4,2.0,40,Greenfield,0,3.6,309.5
117.6,4,2.0,10,oldtown ,0,14.3,391.9
102.9,2,1.0,28,Greenfield,1,4.6,357.2
89.8,4,2.0,6,Oldtown,0,2.7,390.5
118.9,4,,44,Riverside,0,26.6,414.8
92.4,3,1.0,45,Hillview,1,3.4,381.9
88.0,3,,34,,0,4.5,338.1
120.9,4,2.0,50,oldtown ,0,11.0,319.0
95.9,3,1.0,26,Riverside,1,5.2,482.9
118.5,3,2.0,11,Eastgate,1,2.8,406.0
119.6,4,3.0,9,Greenfield,1,4.2,521.1
70.1,2,1.0,13,Greenfield,0,22.0,224.1
93.2,3,2.0,12,Eastgate,0,10.1,316.1
160.3,4,2.0,19,Greenfield,1,11.5,573.7
69.3,2,1.0,12,Riverside,1,8.2,234.3
40.0,1,1.0,35,Oldtown,1,9.2,104.1
,1,1.0,8,Riverside,1,4.9,261.6
111.0,2,1.0,37,Greenfield,0,7.5,351.1
111.1,4,2.0,20,oldtown ,0,0.9,381.3k
105.9,1,1.0,41,,1,13.0,360.7
,4,2.0,30,RIVERSIDE,1,4.8,621.1
40.0,1,1.0,54,Oldtown,0,2.4,101.5
123.9,4,2.0,26,Oldtown,1,7.8,424.4
164.7,4,3.0,17,Greenfield,0,5.8,610.4
70.5,2,1.0,35,Riverside,1,12.7,284.6
96.7,3,2.0,39,Eastgate,0,6.5,273.4
83.6,2,1.0,26,Eastgate,1,4.1,288.6
78.7,3,2.0,33,Oldtown,0,6.6,272.6
98.6,3,2.0,28,Riverside,1,17.2,390.7
160.0,5,3.0,18,Greenfield,1,13.0,527.6
174.3,4,2.0,18,Eastgate,0,10.1,568.0
98.2,3,1.0,54,Hillview,1,13.4,266.7
176.7,6,3.0,40,Oldtown,1,10.6,609.6
111.2,4,2.0,5,Greenfield,1,3.2,444.0
171.4,6,3.0,57,Greenfield,0,11.6,528.2
106.7,3,2.0,42,oldtown ,1,14.4,319.1
114.6,2,1.0,3,Eastgate,1,15.0,3723.5
122.8,3,2.0,43,Greenfield,1,2.6,467.3
221.3,6,3.0,35,Oldtown,1,4.5,861.3
139.8,4,1.0,54,Eastgate,1,4.0,432.1
85.2,2,1.0,29,Hillview,0,5.3,324.0
143.9,3,2.0,31,Eastgate,0,,458.5
97.3,3,2.0,18,Greenfield,0,7.6,348.5
92.9,2,1.0,19,Greenfield,0,7.6,308.1
141.8,5,2.0,37,Hillview,0,2.0,612.9
111.1,5,3.0,49,Eastgate,0,4.4,304.5
119.8,4,2.0,53,Greenfield,1,15.7,291.9
110.5,4,2.0,46,Greenfield,1,14.4,327.1
121.8,3,1.0,36,Eastgate,0,6.4,353.9
124.9,2,2.0,30,Riverside,1,11.6,522.6
42.2,1,1.0,20,Oldtown,1,8.8,146.2
133.3,3,1.0,46,Greenfield,1,12.5,406.0
75.6,1,1.0,19,Eastgate,1,11.9,180.7k
59.5,3,1.0,16,Eastgate,1,6.8,215.5
108.0,3,,52,Eastgate,1,10.1,2920.5
112.9,3,2.0,35,Hillview,1,,449.9
85.7,2,1.0,21,Hillview,1,6.9,296.1
139.1,4,2.0,51,RIVERSIDE,0,5.9,442.7
63.0,2,1.0,57,Oldtown,1,20.1,69.9
95.8,3,1.0,19,Eastgate,1,6.9,310.5k
89.5,3,1.0,31,Eastgate,1,11.1,290.9
108.4,3,1.0,29,Greenfield,1,19.1,313.9
119.8,3,2.0,42,Oldtown,0,10.1,344.1
74.7,1,1.0,57,,0,9.8,128.2
135.3,3,1.0,32,Riverside,1,7.0,534.2
112.2,3,1.0,47,Riverside,1,9.3,388.0
43.8,1,1.0,35,Hillview,1,5.5,157.4
41.4,1,1.0,53,Riverside,1,32.7,40.0
109.6,3,,24,Greenfield,1,2.0,417.7
102.3,3,1.0,23,Greenfield,1,6.1,373.0
106.4,2,1.0,25,Riverside,0,10.2,412.5k
,3,1.0,59,Greenfield,1,9.8,295.6
117.9,4,3.0,36,Hillview,0,5.5,449.9
143.2,4,2.0,9,Eastgate,1,,511.6
71.1,1,1.0,2,Greenfield,0,2.4,227.5k
69.0,2,2.0,31,Eastgate,1,8.0,190.3
71.7,3,,48,Riverside,0,1.0,292.6
120.1,4,2.0,28,Riverside,0,10.7,500.3
153.6,4,1.0,33,Hillview,1,15.2,656.2k
94.9,2,1.0,47,Greenfield,1,,217.8
40.0,1,,30,oldtown ,0,13.7,62.4
50.4,2,1.0,54,Oldtown,1,1.0,126.7
80.8,2,1.0,38,Riverside,0,5.7,294.8
90.5,3,2.0,43,,0,3.0,281.6
95.7,3,1.0,46,Oldtown,0,1.6,354.1
111.4,4,2.0,37,Eastgate,1,4.8,357.6
99.1,3,1.0,3,Eastgate,1,18.8,299.3
146.7,5,,25,Oldtown,1,22.2,498.9
86.3,3,2.0,8,Riverside,1,3.3,416.4
79.8,2,1.0,30,Oldtown,1,7.3,262.8
126.8,3,1.0,8,Oldtown,1,9.2,478.3
56.3,3,2.0,30,Eastgate,1,,200.2
123.6,4,,20,Greenfield,0,15.9,403.6
113.6,2,2.0,1,Oldtown,0,4.8,447.0
104.8,3,2.0,7,Hillview,0,4.2,460.1
165.6,5,3.0,30,Riverside,1,3.5,733.3
88.2,2,2.0,4,Oldtown,1,5.7,389.3
182.1,5,3.0,51,Eastgate,0,0.3,566.4
102.1,4,2.0,45,Eastgate,1,5.9,346.0
65.3,1,1.0,42,RIVERSIDE,1,7.6,204.6
112.4,3,1.0,10,Riverside,0,8.0,492.2
72.3,2,1.0,47,Eastgate,0,2.8,167.6
83.7,3,1.0,38,Hillview,0,7.9,295.3
123.9,4,2.0,23,Greenfield,0,7.8,430.3
129.4,4,2.0,0,RIVERSIDE,1,7.9,459.1
88.2,3,2.0,31,RIVERSIDE,1,12.2,263.9
144.6,4,2.0,47,Riverside,0,2.7,628.6
150.5,4,2.0,2,Hillview,1,5.7,694.0
160.3,5,2.0,3,Eastgate,0,1.3,570.1
128.5,4,2.0,22,Oldtown,0,11.4,416.5k
157.7,5,3.0,30,,0,3.1,544.5k
44.2,2,1.0,28,oldtown ,1,13.5,118.8
98.9,3,1.0,25,Greenfield,1,13.8,313.4
79.7,2,1.0,15,Riverside,1,6.2,373.6
114.2,3,2.0,3,Greenfield,0,5.9,365.2
90.0,3,2.0,1,Hillview,1,1.9,458.1
104.2,3,2.0,5,Hillview,0,7.1,467.4
175.9,5,,41,Hillview,0,12.1,689.6
104.1,4,2.0,47,Oldtown,1,8.6,369.8
124.5,3,2.0,26,Greenfield,1,17.2,326.0
,3,1.0,4,Greenfield,0,5.2,407.0
112.6,4,2.0,24,RIVERSIDE,1,5.2,424.0
110.2,3,2.0,59,Greenfield,1,3.3,311.7
125.7,5,2.0,14,Eastgate,1,,352.0
150.8,4,1.0,29,Hillview,1,1.9,645.6
167.7,5,2.0,32,Greenfield,0,11.5,560.7k
120.8,3,2.0,19,Riverside,1,12.3,510.0k
,4,2.0,26,Greenfield,0,11.9,441.9
69.7,2,1.0,28,Hillview,0,3.6,219.9
106.9,4,2.0,28,Eastgate,1,6.2,335.0k
142.9,4,2.0,43,Oldtown,1,10.4,443.4
,5,2.0,34,Oldtown,0,4.3,506.4
117.4,3,1.0,3,Riverside,1,5.5,613.1
141.0,4,2.0,0,Hillview,1,,712.6
127.2,5,3.0,24,Hillview,1,7.5,570.4
152.0,5,3.0,54,Oldtown,0,7.1,515.7k
120.1,3,1.0,2,Oldtown,0,19.3,400.0
97.6,2,1.0,4,Eastgate,0,10.6,318.4
121.8,3,2.0,40,Oldtown,0,2.3,395.6
40.0,2,1.0,27,Greenfield,0,,120.5k
123.4,3,2.0,13,Riverside,0,11.7,567.2
40.0,1,,12,,0,7.1,92.2
49.7,1,,39,Riverside,0,23.9,40.0
,4,2.0,31,Hillview,1,23.9,431.7
126.7,3,2.0,38,oldtown ,1,3.3,418.1
69.3,1,1.0,16,oldtown ,0,8.7,180.1
85.1,3,1.0,31,Hillview,1,2.5,367.5
158.0,5,1.0,51,Hillview,0,11.5,582.5k
93.1,3,1.0,18,Oldtown,0,21.1,329.0
188.5,5,2.0,23,Hillview,1,7.9,784.7
109.9,4,2.0,9,Oldtown,0,5.1,450.2
124.3,3,2.0,38,Eastgate,0,9.4,402.5
166.6,4,2.0,1,Hillview,0,,666.4k
114.6,3,1.0,14,Eastgate,1,13.3,321.5
74.9,3,2.0,42,Hillview,1,5.1,308.8k
106.2,3,1.0,1,Oldtown,0,4.2,463.9k
108.8,3,2.0,59,Oldtown,0,8.4,340.1
62.2,3,1.0,24,Riverside,0,5.4,272.0
101.0,5,3.0,23,Hillview,1,15.9,379.3
84.0,1,,32,Greenfield,0,5.4,242.7
142.4,4,2.0,38,Eastgate,1,7.4,486.3
111.2,3,2.0,27,Hillview,1,9.2,413.3
100.1,2,,53,Oldtown,0,,312.1
106.3,2,1.0,57,Greenfield,1,4.5,298.9
117.8,3,1.0,12,Riverside,0,23.2,407.3
131.6,3,1.0,42,Oldtown,0,12.8,415.4
75.0,2,1.0,18,Greenfield,0,5.3,262.8
73.5,2,1.0,59,Oldtown,1,11.6,198.7
148.7,5,3.0,15,Riverside,1,15.8,643.1
95.6,3,1.0,17,Oldtown,1,6.0,333.1
60.4,2,1.0,42,Eastgate,0,12.4,134.0
125.5,3,1.0,47,Riverside,0,11.2,442.1
126.2,5,3.0,7,Eastgate,1,2.6,541.6
56.4,2,,33,Hillview,0,6.0,249.2
118.0,2,2.0,20,Oldtown,0,19.6,418.1
135.7,3,1.0,36,Oldtown,1,22.8,377.4
123.1,2,1.0,33,Greenfield,1,12.9,380.0
132.1,4,2.0,59,Oldtown,1,4.3,489.7
60.9,2,1.0,56,Eastgate,0,0.7,178.1
121.6,3,1.0,39,Hillview,0,3.9,451.1
99.4,4,1.0,40,Riverside,0,2.2,466.4
93.1,3,1.0,53,Hillview,1,20.5,256.7
,4,2.0,11,Hillview,0,1.2,630.7
161.8,4,1.0,43,Hillview,0,2.6,586.1
172.8,4,2.0,46,Greenfield,0,8.3,556.1
156.0,4,2.0,7,Greenfield,1,7.0,563.2
106.2,3,2.0,52,Eastgate,1,,272.5
122.3,2,1.0,41,Eastgate,1,10.8,346.8
136.8,4,2.0,20,Hillview,0,6.3,573.2
,3,1.0,29,Eastgate,1,16.1,321.3
114.6,3,1.0,29,Oldtown,0,5.2,431.1
138.8,3,,55,Greenfield,0,20.0,335.6
107.9,3,2.0,58,Greenfield,0,3.4,280.4
84.5,2,1.0,48,Oldtown,1,,283.8
95.5,3,1.0,39,Greenfield,0,0.8,291.9
132.2,4,2.0,6,RIVERSIDE,1,13.4,430.1
110.1,4,1.0,54,Hillview,1,7.9,373.8
121.9,3,1.0,8,Greenfield,0,20.0,370.2
133.5,4,2.0,10,Riverside,1,5.8,646.1
96.9,3,2.0,4,oldtown ,1,1.9,456.6
136.5,4,,56,Oldtown,0,9.8,428.3
123.3,3,1.0,29,oldtown ,1,4.6,432.2
66.8,2,1.0,14,Oldtown,0,12.1,207.3
160.5,5,2.0,4,Greenfield,0,3.5,594.8
92.5,3,,24,Oldtown,1,17.7,337.1
52.1,3,1.0,43,Oldtown,1,7.4,195.7
73.4,2,,59,Eastgate,0,6.3,195.0k
74.3,2,1.0,33,Riverside,0,16.9,145.9
111.8,3,2.0,36,Eastgate,1,13.5,372.9
100.4,3,2.0,50,Oldtown,0,3.9,356.3
98.2,2,1.0,54,Greenfield,1,13.2,318.4
131.7,3,2.0,16,Eastgate,1,11.4,402.3
121.9,4,2.0,59,Riverside,1,6.6,444.6
121.1,3,1.0,31,Riverside,0,12.5,463.9
124.3,4,2.0,55,Riverside,1,17.7,439.6
131.6,3,1.0,7,Greenfield,0,6.8,472.6
40.0,1,2.0,5,Eastgate,0,6.8,172.0
97.2,3,2.0,53,,0,6.5,334.7k
40.0,1,1.0,40,,0,3.8,101.0
111.3,4,2.0,10,Greenfield,1,6.7,438.6
109.8,4,3.0,53,Oldtown,1,6.2,390.6
146.6,4,2.0,6,Eastgate,1,5.9,510.1
151.6,5,,40,Eastgate,1,5.8,524.0
117.1,3,2.0,12,Oldtown,1,2.6,525.7k
92.5,2,1.0,4,Hillview,1,14.4,397.3
127.0,5,,48,Oldtown,1,4.5,484.1
91.5,2,1.0,50,Oldtown,1,18.3,172.7
110.0,3,2.0,6,Greenfield,1,3.2,425.9
144.5,4,2.0,5,Eastgate,0,21.1,411.5
90.5,3,2.0,36,Greenfield,1,5.4,306.1
138.2,3,1.0,1,Hillview,0,13.3,528.2k
,4,3.0,44,RIVERSIDE,0,7.9,469.0
76.6,3,2.0,54,Eastgate,1,2.3,208.8
144.1,4,2.0,45,Hillview,0,2.4,533.3
134.4,3,2.0,13,Riverside,0,4.2,650.9
113.6,4,2.0,11,Hillview,0,5.1,475.6
83.3,3,2.0,40,Eastgate,0,6.9,242.7
79.9,2,,3,Eastgate,1,9.1,303.1
91.2,2,1.0,32,Oldtown,1,6.3,348.2
129.0,3,2.0,26,Greenfield,1,8.8,455.9
76.6,2,,44,oldtown ,1,9.8,241.3
125.3,4,2.0,12,Oldtown,1,6.1,535.4k
66.5,1,1.0,45,Oldtown,1,11.3,213.3
102.9,3,2.0,41,Greenfield,0,13.1,300.6k
113.8,4,3.0,14,Oldtown,1,10.0,410.3
195.6,4,,21,oldtown ,0,10.4,755.0
61.8,2,2.0,3,Oldtown,0,8.2,270.4
161.5,4,2.0,26,Eastgate,1,15.3,476.8
115.2,3,,15,Eastgate,0,,422.2
124.4,4,2.0,6,Oldtown,1,4.2,530.2
114.1,4,,33,Greenfield,1,7.2,4359.3
125.6,4,2.0,34,Riverside,0,2.3,594.6
104.6,2,1.0,5,Riverside,0,2.1,489.2
160.9,4,1.0,11,Eastgate,1,13.1,521.1
,3,1.0,4,Eastgate,1,18.5,314.1k
149.6,4,,40,Oldtown,0,5.5,483.4
87.4,3,2.0,20,Eastgate,1,,267.8
107.9,4,3.0,4,Oldtown,1,1.1,525.8
72.5,2,2.0,11,Eastgate,1,10.0,248.3
125.9,3,1.0,58,Eastgate,0,7.1,376.6
160.6,3,2.0,15,Greenfield,1,20.5,455.5
107.3,3,,41,Hillview,1,6.4,373.8
103.1,3,1.0,28,Eastgate,0,3.0,350.8k
71.0,1,1.0,10,Eastgate,1,1.8,282.7
102.0,3,2.0,18,Oldtown,1,7.2,398.5
54.3,2,1.0,0,Oldtown,1,8.2,250.9
78.0,2,1.0,44,Greenfield,1,,253.6
117.9,2,1.0,20,,1,13.4,379.8
156.2,4,1.0,29,Eastgate,1,17.2,437.2
208.3,6,3.0,9,,1,,1012.0
89.5,2,1.0,49,Greenfield,0,1.3,290.5
160.2,3,2.0,13,Oldtown,0,8.8,557.2
118.5,4,2.0,33,,0,15.5,347.1
104.7,3,2.0,52,Eastgate,1,,305.8
125.1,4,2.0,42,Riverside,0,,508.7
112.2,3,2.0,36,Eastgate,1,2.8,371.1
,4,2.0,53,Eastgate,1,8.7,321.5k
95.7,3,2.0,10,Oldtown,0,10.6,394.2
61.1,2,1.0,57,Oldtown,1,8.8,145.2
56.0,3,2.0,33,Eastgate,1,24.1,105.8
,4,2.0,24,Eastgate,0,18.4,335.5
100.3,2,1.0,15,Oldtown,0,11.8,317.6
89.1,3,1.0,44,Greenfield,0,,238.9
110.3,4,2.0,58,Oldtown,0,8.6,358.2
137.8,5,2.0,41,Riverside,0,6.8,605.4
116.3,3,2.0,1,Eastgate,1,5.0,443.0
87.0,3,2.0,28,Riverside,0,2.7,455.5
152.9,5,2.0,43,Oldtown,0,18.9,466.8
165.3,6,3.0,23,Hillview,0,24.7,566.7
127.3,3,,46,Oldtown,0,7.3,394.0
,4,2.0,42,Oldtown,1,7.4,502.4
153.5,4,2.0,4,,0,10.9,477.9
149.6,4,2.0,33,Hillview,0,6.4,594.4
131.5,3,,10,Greenfield,1,3.0,528.4
130.9,2,1.0,29,Eastgate,1,2.3,464.1
128.2,3,1.0,23,,1,24.1,443.7
71.6,2,1.0,48,Oldtown,1,1.5,309.2
134.5,4,3.0,52,Eastgate,1,9.1,397.8
62.5,3,1.0,27,Oldtown,1,1.7,220.7
82.2,2,1.0,32,Oldtown,1,6.6,318.9
155.6,5,3.0,37,Greenfield,0,5.4,479.9k
139.4,4,2.0,39,Eastgate,1,2.0,443.1
162.1,5,3.0,38,Eastgate,1,11.1,530.4
100.5,3,1.0,46,Riverside,1,2.8,424.1
69.7,3,1.0,58,Riverside,1,1.8,274.3
,3,,49,Hillview,1,12.0,320.6
113.6,4,2.0,8,Eastgate,0,5.5,400.6
112.8,3,1.0,28,Hillview,1,3.8,498.6
149.7,4,2.0,27,Riverside,0,12.5,618.8
97.4,3,1.0,30,Oldtown,1,2.7,355.7k
122.3,5,,31,Eastgate,1,1.4,412.0
75.4,2,1.0,43,Eastgate,0,,130.9
125.8,4,2.0,25,Riverside,0,22.0,478.4
110.1,4,2.0,15,Riverside,0,,523.2
83.8,3,1.0,27,Oldtown,1,6.4,295.7
101.7,3,1.0,51,Riverside,1,13.0,299.9
103.6,2,1.0,18,Hillview,1,15.4,389.1
100.5,3,2.0,1,Riverside,0,3.0,482.5
172.0,4,2.0,58,Eastgate,1,5.7,537.9
106.6,4,1.0,11,oldtown ,1,8.6,349.2
101.5,3,1.0,36,Greenfield,0,12.5,258.3
40.0,2,1.0,48,Greenfield,0,11.6,66.3
78.7,2,2.0,16,Oldtown,1,10.3,362.9
100.8,2,1.0,20,,0,15.3,391.1k
86.0,3,2.0,16,,0,6.8,337.1
158.4,5,3.0,8,Eastgate,0,19.0,509.3
104.2,3,2.0,9,Riverside,0,4.6,448.0
155.1,4,1.0,11,Oldtown,0,11.7,533.0
112.2,5,,27,Oldtown,0,5.1,380.6k
111.3,4,2.0,31,Oldtown,1,6.6,478.4
106.9,4,2.0,0,Eastgate,1,7.4,444.4
110.1,4,2.0,50,Eastgate,0,,340.0
170.2,6,3.0,40,Hillview,1,15.8,671.6
40.0,1,1.0,4,Greenfield,1,5.3,123.3
40.0,1,1.0,50,Riverside,0,7.1,81.0
91.0,2,1.0,1,Riverside,0,10.8,445.4
110.5,4,2.0,33,Oldtown,0,31.0,286.7
134.2,3,1.0,27,Eastgate,1,11.1,392.0
126.6,4,3.0,30,Eastgate,1,7.5,374.8
96.6,2,1.0,57,Riverside,0,1.1,397.4
145.7,5,2.0,55,Greenfield,1,6.4,473.5
146.1,5,3.0,16,Oldtown,1,4.2,564.6
116.4,4,2.0,34,Oldtown,0,5.6,401.9
143.7,4,2.0,57,Eastgate,1,5.1,400.9
119.5,3,2.0,43,Greenfield,1,10.7,363.8
90.3,3,1.0,53,Eastgate,1,6.3,261.2
134.4,3,2.0,26,Greenfield,1,3.4,461.1
,2,1.0,16,Oldtown,1,13.4,417.3
110.0,3,1.0,30,Eastgate,0,2.5,351.6
161.6,5,3.0,49,Greenfield,0,7.3,552.6
40.0,2,,55,Hillview,1,6.5,100.1
60.4,3,1.0,41,Oldtown,0,9.3,262.2
68.5,3,2.0,42,Greenfield,1,15.4,168.9
97.3,2,1.0,30,Riverside,0,34.1,199.5
101.1,3,1.0,19,Hillview,1,7.5,394.1k
57.2,2,1.0,25,Greenfield,1,4.2,199.2
75.5,4,3.0,29,Greenfield,0,3.9,234.5
79.9,3,2.0,48,Greenfield,1,3.8,272.0
196.0,6,3.0,33,Greenfield,0,9.0,609.6
173.1,5,2.0,47,Riverside,1,0.8,786.0
95.6,2,1.0,1,Greenfield,1,2.3,337.1
97.3,3,2.0,45,Hillview,1,9.0,350.4
69.8,1,1.0,30,oldtown ,1,13.8,190.1
43.2,1,1.0,59,Oldtown,1,13.9,119.8
105.9,3,2.0,28,Greenfield,1,7.8,330.8
75.1,3,1.0,28,Eastgate,0,12.6,198.9
107.0,3,1.0,7,,1,15.6,333.7
54.0,1,1.0,48,RIVERSIDE,1,5.3,130.9
83.3,3,2.0,42,Oldtown,0,14.6,219.4k
115.2,3,2.0,51,Hillview,1,1.6,481.3
122.8,4,2.0,5,Riverside,0,2.3,6579.1
124.6,4,1.0,12,Eastgate,1,5.5,499.8
63.8,2,1.0,52,Oldtown,0,1.4,207.1
139.9,4,3.0,2,Eastgate,1,10.8,464.7
82.0,1,1.0,30,Riverside,0,4.7,307.3
132.2,3,1.0,24,Riverside,1,6.5,560.5
109.6,4,2.0,56,Eastgate,0,6.7,333.0
61.8,1,,51,Oldtown,1,5.4,131.1
98.9,2,1.0,53,Oldtown,1,3.8,287.6
122.8,4,2.0,17,Oldtown,1,,459.2
131.5,4,2.0,35,Oldtown,0,4.6,503.2
105.1,3,1.0,42,Eastgate,0,6.6,333.2
163.6,3,1.0,58,Riverside,0,9.3,641.7k
145.3,5,3.0,0,Oldtown,1,15.5,598.1
101.0,2,2.0,58,Eastgate,0,14.7,222.1
136.3,4,2.0,21,Hillview,1,4.9,615.7
177.7,5,2.0,999,Eastgate,0,3.6,584.7
178.6,4,3.0,36,Oldtown,1,,561.3
67.0,2,1.0,46,Greenfield,0,4.6,195.3
77.6,2,1.0,7,Hillview,1,10.2,298.5
,4,,2,Oldtown,0,1.3,654.2
73.0,2,2.0,53,Greenfield,0,,220.5
